symbol,open_interest_usd,adj_ratio,new_open_usd
ETH-USDT,13917153869,128.3421663,108437891
UNI-USDT,8051530720,2662.955841,3023531
XLM-USDT,6822199561,2662.955841,2561889
BTC-USDT,6683154749,128.3421663,52072946
BSV-USDT,6216363497,2662.955841,2334384
XMR-USDT,5668809140,2662.955841,2128765
BCH-USDT,5635995087,2662.955841,2116443
AR-USDT,5007918080,2662.955841,1880586
AAVE-USDT,4532896387,2662.955841,1702204
LTC-USDT,4449400622,2662.955841,1670850
SOL-USDT,4414799885,128.3421663,34398670
ICP-USDT,4131193600,2662.955841,1551356
FIL-USDT,3895242665,2662.955841,1462751
DOGE-USDT,3725577037,183.5757151,20294498
M-USDT,3697063859,2662.955841,1388330
TON-USDT,3638755250,2662.955841,1366434
XRP-USDT,3624205879,183.5757151,19742294
WIF-USDT,3540126409,2662.955841,1329397
AVAX-USDT,3428741145,2662.955841,1287569
ENS-USDT,3398642822,2662.955841,1276267
ETC-USDT,3284607649,2662.955841,1233444
INJ-USDT,3284589636,2662.955841,1233437
DOT-USDT,3252538549,2662.955841,1221401
LINK-USDT,2996618408,2662.955841,1125297
SEI-USDT,2914816661,2662.955841,1094579
AXS-USDT,2564187705,2662.955841,962910
NEAR-USDT,2165687658,2662.955841,813264
APT-USDT,2082989756,2662.955841,782209
PEPE-USDT,1740855938,183.5757151,9483040
ORDI-USDT,1706768215,2662.955841,640929
FARTCOIN-USDT,1661266913,2662.955841,623843
PEOPLE-USDT,1472905697,2662.955841,553109
SUI-USDT,1414946595,2662.955841,531344
IDOL-USDT,925956592,2662.955841,347717
BNB-USDT,653324756,128.3421663,5090491
DOOD-USDT,646009470,2662.955841,242591
HYPE-USDT,520159440,2662.955841,195331
ONDO-USDT,429697366,2662.955841,161361
ARB-USDT,386383723,2662.955841,145095
TIA-USDT,314423608,2662.955841,118073
CRV-USDT,301683654,2662.955841,113289
H-USDT,288916794,2662.955841,108494
WLFI-USDT,272542528,2662.955841,102345
KERNEL-USDT,251308102,2662.955841,94371
BONK-USDT,192018786,2662.955841,72107
HOME-USDT,169738700,2662.955841,63740
CFX-USDT,157376177,2662.955841,59098
FLOKI-USDT,130599109,2662.955841,49042
KAS-USDT,76791281,2662.955841,28836
OP-USDT,76040317,2662.955841,28554
TRX-USDT,68014856,183.5757151,370500
HBAR-USDT,50446326,2662.955841,18943
XNY-USDT,44603139,2662.955841,16749
SIGN-USDT,40652021,2662.955841,15265
RESOLV-USDT,36999729,2662.955841,13894
STX-USDT,33228411,2662.955841,12478
COAI-USDT,33014798,2662.955841,12397
IMX-USDT,31650338,2662.955841,11885
VET-USDT,25375222,2662.955841,9528
THETA-USDT,22969257,2662.955841,8625
SOMI-USDT,18071053,2662.955841,6786
C-USDT,17385424,2662.955841,6528
SAHARA-USDT,17241838,2662.955841,6474
MMT-USDT,12522009,2662.955841,4702
OKB-USDT,11911416,183.5757151,64885
BEAT-USDT,11259280,2662.955841,4228
WCT-USDT,10684385,2662.955841,4012
XPL-USDT,8453266,5,1690653
SPK-USDT,8361906,5,1672381
ADA-USDT,7531889,183.5757151,41028
GALA-USDT,6250434,5,1250086
ZORA-USDT,4669761,5,933952
RAVE-USDT,4085842,5,817168
MON-USDT,2994979,5,598995
PIEVERSE-USDT,2689289,5,537857
GIGGLE-USDT,2300670,5,460134
RLS-USDT,2028513,5,405702
CC-USDT,1778544,5,355708
ZEC-USDT,1280387,5,256077
ZEN-USDT,1099019,5,219803
ASTER-USDT,1061259,5,212251
ALLO-USDT,921478,1,921478
STABLE-USDT,775855,1,775855
PROVE-USDT,750939,1,750939
SHIB-USDT,688739,183.5757151,3751
YB-USDT,646645,1,646645
VIRTUAL-USDT,634445,1,634445
MET-USDT,596666,1,596666
IRYS-USDT,518004,1,518004
RAY-USDT,437192,1,437192
KITE-USDT,372740,1,372740
XTZ-USDT,356446,1,356446
BREV-USDT,278123,1,278123
4-USDT,264154,1,264154
PLUME-USDT,250967,1,250967
AT-USDT,244283,1,244283
XAUT-USDT,244156,1,244156
PUMP-USDT,232845,1,232845
0G-USDT,164997,1,164997
LIT-USDT,157942,1,157942
CUDIS-USDT,138257,1,138257
LIGHT-USDT,105356,1,105356
APE-USDT,82981,1,82981
POWER-USDT,73339,1,73339
SENT-USDT,66856,1,66856
CROSS-USDT,57543,1,57543
ENA-USDT,55180,1,55180
ZBT-USDT,42788,1,42788
TREE-USDT,38883,1,38883
BIO-USDT,33011,1,33011
FF-USDT,26288,1,26288
ERA-USDT,21184,1,21184
VINE-USDT,17672,1,17672
SXT-USDT,12827,1,12827
LINEA-USDT,8574,1,8574
