symbol,open_interest_usd
ETH-USDT,14243268827
XMR-USDT,8889071528
UNI-USDT,7766353915
XLM-USDT,6916270455
BTC-USDT,6318394927
BSV-USDT,6197889714
BCH-USDT,5489968126
AR-USDT,5072461128
AAVE-USDT,4671249967
SOL-USDT,4612584271
ICP-USDT,4443284846
LTC-USDT,4197317720
FIL-USDT,3897750839
DOGE-USDT,3717071742
WIF-USDT,3630966927
AVAX-USDT,3487244531
XRP-USDT,3477959764
TON-USDT,3469836731
M-USDT,3458327096
INJ-USDT,3408944652
ENS-USDT,3368871350
DOT-USDT,3368620730
ETC-USDT,3346082577
LINK-USDT,3067778351
AXS-USDT,3019336312
SEI-USDT,2887375211
NEAR-USDT,2291042179
APT-USDT,2132059980
ORDI-USDT,1945106293
PEPE-USDT,1775556218
FARTCOIN-USDT,1556076612
PEOPLE-USDT,1496466159
SUI-USDT,1416748415
IDOL-USDT,954089497
BNB-USDT,682244079
DOOD-USDT,599208339
HYPE-USDT,479663798
ONDO-USDT,405333170
ARB-USDT,396714298
TIA-USDT,330906593
CRV-USDT,311715269
H-USDT,307615218
WLFI-USDT,287367615
KERNEL-USDT,245855451
BONK-USDT,191075978
HOME-USDT,184302321
CFX-USDT,156051683
FLOKI-USDT,128521072
OP-USDT,84711044
KAS-USDT,74321862
TRX-USDT,70236371
HBAR-USDT,49557292
SIGN-USDT,44947071
XNY-USDT,42651600
RESOLV-USDT,36537410
STX-USDT,35952577
COAI-USDT,33231250
IMX-USDT,32051618
VET-USDT,24727597
THETA-USDT,23621351
SAHARA-USDT,16826116
SOMI-USDT,16771863
C-USDT,15055177
MMT-USDT,12735430
OKB-USDT,12270842
WCT-USDT,10279988
SPK-USDT,8064755
XPL-USDT,7032219
ADA-USDT,6576712
GALA-USDT,6399248
BEAT-USDT,5965363
RAVE-USDT,4242365
ZORA-USDT,4208595
GIGGLE-USDT,3867034
PIEVERSE-USDT,3560575
MON-USDT,2605388
RLS-USDT,2459328
ZEN-USDT,2335198
CC-USDT,1876224
ZEC-USDT,1057958
ASTER-USDT,1000228
SHIB-USDT,788357
STABLE-USDT,776958
PROVE-USDT,740768
BREV-USDT,667155
VIRTUAL-USDT,622659
YB-USDT,617820
MET-USDT,578582
ALLO-USDT,543914
IRYS-USDT,533617
RAY-USDT,419195
KITE-USDT,377768
PUMP-USDT,374372
XTZ-USDT,361343
XAUT-USDT,361144
4-USDT,267597
AT-USDT,238996
PLUME-USDT,235351
CUDIS-USDT,158364
LIGHT-USDT,151309
LIT-USDT,142764
POWER-USDT,121799
0G-USDT,111611
CROSS-USDT,95901
ENA-USDT,93279
VINE-USDT,91748
APE-USDT,77410
SENT-USDT,61372
TREE-USDT,42302
FF-USDT,38491
ZBT-USDT,37876
ZKP-USDT,35185
BIO-USDT,27124
ERA-USDT,21446
LINEA-USDT,14551
RIVER-USDT,11891
SXT-USDT,11618
